Arrival_Rate,Service_Time,Servers,Avg_Waiting_Time
1.6473211432853845,1.9762175311010293,4,1.9264615830934322
3.132331854406472,7.809514291231683,2,444.19889850999857
4.170532406946677,6.475504247453436,3,445.15557035882773
2.3345407636606463,7.772126536113225,5,376.0785504754241
2.9714575988305416,7.242020991588752,4,383.456296642654
1.6847396913152086,3.0413556137405173,4,95.65761893360437
2.7377303910650057,2.0375885444434796,5,31.714520107662565
4.978578464986956,2.9865211828133487,1,469.6581395909752
1.808637809685457,4.339512584686792,2,330.11616178307867
8.677965681191253,5.848132303370127,1,488.4045170531147
3.8141527161963236,6.562451977676507,5,388.8465870622613
2.0561298904812846,2.019482537707515,4,12.418948242055436
9.620912302688971,4.16760113393125,5,425.41295783769044
2.6069139783103576,7.076401365095454,2,433.5748124101927
5.308994494861403,3.938699819929535,5,379.30000288822066
6.869865279522001,4.924417976384851,1,488.9095399657126
8.271556422280959,7.847661773963215,5,467.44003097833587
4.318772503061475,2.7565154525975215,5,281.87340174413964
2.551392360034006,3.066913251365353,3,303.19594144082765
2.4667748939180707,5.560071514272522,3,395.35680365482557
2.762561017374063,5.621247958089805,3,400.72860864824275
7.590333736385117,7.5906579170041075,1,471.8633173550193
3.748473710368411,2.2790231307258373,1,453.4940218984418
2.5345841764330466,7.399336511260052,4,384.74958038833756
8.193353745616303,5.567502993445384,4,447.3228666091215
4.448562421877518,4.2715383505190525,3,425.7752588774251
8.931663614466103,5.975257396808967,5,457.74231569305175
5.463599073845091,5.836996080925335,4,398.0494914393572
9.503945408650818,6.984534046533114,2,480.2776566789773
2.7644782644518275,6.293825558350006,3,404.9966952126412
4.9370164686838285,5.09217021339551,3,444.2962265795531
6.541203800616015,3.333385709625772,2,444.77232132602
2.37816634022468,1.8178818063808624,2,263.4996892365826
4.701117615761639,1.1378837091219838,3,218.64936020166473
9.420722570585829,6.892052987329546,4,469.0935985984025
1.4599796657387671,4.763337246868946,1,438.1317113853395
8.898935150174928,3.2005344422273074,1,447.6228179079054
2.4056815572251242,4.976213015098872,1,455.69513377635485
4.147805629377183,4.482777061754758,1,448.78213568045044
7.239758573959486,5.27337114217976,5,436.45294482716724
2.9065265840256456,5.448089739876661,1,471.46774438690045
7.292593626785531,4.403941288544438,4,430.4804909673218
5.851166072987226,4.373433865988449,2,440.3720873081451
2.7660600122435595,1.6956640151911517,1,370.3556515254594
1.3924184420142414,1.0470647157756257,5,0.007804329787931676
5.933116343142487,7.186085247986172,3,460.55790826397
5.676296917912024,6.220306440789846,1,462.62764931400454
8.025697246774522,5.467897392820232,5,443.9359139286364
7.139467294057778,6.204055858101027,2,464.73319003504815
9.090353662127233,1.8005356834577972,5,343.82026972377673
5.30692442982249,5.186901709963073,5,400.6859893222631
5.961721393776657,2.3321892598371035,1,444.2207553306015
5.889602929544968,3.9026532562329903,3,418.0058776348382
6.131226233870056,7.218811316662248,2,470.783406607
9.586614986066593,1.869210554432456,5,343.5347240734184
2.240936008609929,4.456309229813575,1,441.032233951637
2.4722738469809147,5.326074757926094,4,335.96513251731227
4.181490683463205,3.5203330202824468,4,352.25964607658193
2.68584352209759,3.0148262444545595,4,258.0427145397148
8.97452685201042,2.5519226975994345,4,396.52712488972276
3.391763911643867,7.842168960775929,1,477.4901247837858
2.0676847007589134,5.643086960965464,4,349.18191500329823
1.5048092726363624,7.923815749601224,1,456.0598661499444
2.9958020604622293,4.490460704039902,1,484.9600590804475
1.8256703496975075,5.93758522698989,2,413.36185012590187
5.134469616717057,2.9021944239265953,1,475.64776426187865
9.28887593074515,7.734598412962701,3,480.7159805390745
5.633821023073168,6.005932802128472,2,477.61332757584614
5.17267477870749,1.848722447338404,2,402.50727179333995
2.3604862121285954,5.507470442387076,5,280.51348892467706
9.077996446508056,5.848492693733505,1,500.76627614976246
5.9790499744152354,1.1074554952851665,1,434.48900574582905
1.3474860964904058,7.910542841078733,1,445.5859233160315
4.397375617639521,4.657639008218954,4,407.3007959137805
6.343692064375253,6.131280349112495,1,492.65089390507876
9.500829773499497,4.658511921161225,5,444.5586847753448
7.96142288584812,1.264301741486575,4,299.989215247472
1.5141792684687227,5.399431119193347,2,392.0382929985897
1.4248366838849358,4.168767122575769,3,245.2730698167607
9.781726938354424,6.926900670763515,2,470.1547237286297
8.779898392955458,2.703599633126415,2,467.21782846441033
3.2051741604849737,6.172950968310549,1,475.19489001357357
9.952000187990894,3.235868224149107,4,424.569881241445
9.151866217572858,5.54753565424565,2,492.3418836684364
5.848753539728158,6.137705600291753,3,441.6132596852055
3.834985781701597,5.53030769508662,2,429.88415730528067
6.235171665383682,3.5343506949621855,3,435.8022410305017
6.7119094800496075,3.7674410813530965,2,443.4660106490236
4.992085473074404,3.1313341171460647,5,328.82056634920434
4.161200070742018,4.91647947841236,1,513.5523279707901
5.876510106349869,3.887232978901661,5,401.085777808471
8.717172548518297,6.086172483178984,3,458.9269216845804
2.558852470676454,5.992546801846937,4,394.97718571245724
5.278949869478563,6.80955699033019,5,420.7658132747113
7.620000308719539,7.012558990625846,2,460.1341051626854
8.850999772206833,4.2102434856916116,5,424.2375434892263
4.599679194664807,3.0932090726864363,1,478.62248498982854
5.87608717137513,6.221422335764391,3,434.78653581912477
7.972174716827991,5.943354620609592,4,446.8510629393155
3.735401252040756,1.586804598343118,1,414.4113741547343
3.61910017791958,4.295979996132829,2,438.6505513799043
1.3993506371221414,4.18718137475567,2,367.45931062652755
3.9427728998145875,6.658980013849765,3,420.60319091577117
3.8650786060687414,5.680397276283979,4,393.31564867710193
4.8020497989718525,3.1595216202201533,1,469.04736109296147
3.8766176505313648,5.592973186242713,4,396.61435326695835
8.43834418020347,2.4370828611297135,4,397.4338741370623
2.695823742641416,4.220431755417064,1,450.76863985655143
8.677139029970402,1.0008991976399275,5,204.00134581123638
2.718181821321162,2.1676367346471674,5,76.43114826983441
2.7084768150097362,4.50315351102522,1,438.7220680814547
8.797877302084608,2.457083046973483,5,370.08339719738785
3.8017779166354106,1.8446219742108534,1,424.9243858353236
9.554139480173045,2.137629961957396,2,454.62322614915837
3.602830234704772,4.247943118111239,4,363.3561556025366
2.8335426087587474,6.848567820750522,1,448.43899992822656
9.61424218892659,1.212232191497513,5,285.75043829208147
6.813094319096583,3.380861995534799,2,447.53087516119007
3.1062452020845286,2.854960592050743,3,329.9164761715335
6.7778889077098565,2.8692365038029815,4,397.31746726525716
6.344382770476747,4.685371314782555,1,466.0453090346171
2.34641228878645,1.3562710044670405,1,334.0202412453089
6.933218445248462,2.7120595016732105,4,397.38033216050417
1.4095715842048877,7.676988349648846,5,253.22245026866176
2.593510026069344,2.4940687583794494,3,251.66835429882795
2.618688519674077,1.369323507937755,1,356.29989374179735
9.36482430514399,5.785725840801896,5,434.66412296796574
4.560640566196721,6.050022139722434,5,417.8316479680872
3.078957588039707,7.811594007011727,1,477.54496013970305
4.560051476538085,6.832690827430525,3,457.79910010184574
2.0384265111176454,4.576265342669028,3,311.275900353688
1.8383077844040976,5.112731000891679,5,231.32048761095007
2.932081223334622,6.7136060238669755,4,383.03582801857453
8.945650970525001,2.5053915088704923,4,426.97131852314413
1.3553537342184563,1.1705462410706233,5,0.00885880146171931
6.970858042035842,2.0590845387108225,5,320.423396535582
3.4774658053705356,4.002989492524029,1,469.5057084506174
4.4934040120057315,1.8729609877181503,2,396.8731626866446
9.695697386186634,5.601861117690056,2,474.8013140985423
2.173725778247273,2.3491665056934217,4,118.47136216675402
6.119303486724827,2.7062535719140675,2,429.1181450775698
2.701226570199822,6.3356466140737036,1,486.87815492502006
2.370223581576727,1.8691458134062624,2,277.6123250163304
8.952046044165307,4.232128943625698,1,463.1981495090562
2.6760198742883365,7.846185737639204,1,475.85554227012943
6.715996378117016,4.955497327905196,2,485.0468930760839
9.145392703450222,2.4837280960804105,1,474.1200165013413
4.038720893291259,7.436861464691417,2,473.3774778502062
8.573740624052899,1.0543264610113836,2,397.86813328849956
4.503852966310661,2.6806034576765025,3,369.8285122337267
4.542655125068357,7.7646697004108205,5,410.6819356463566
8.629407086261699,3.594077431258988,2,465.844710530796
1.8369308175096943,4.171978694017875,5,206.6822854177
9.405329786882739,6.562404383960614,4,467.81306946941555
9.315853610511644,3.820766047609328,2,475.62147817054137
2.9286443491771363,4.283409062540464,4,323.8960250401702
8.724934119750234,4.251776635696973,3,471.7275038195104
3.7159038836431977,2.593279302295827,3,337.30215752771414
1.0198964053106123,4.507045855877959,3,191.4487638907113
8.681030206725097,4.577272520582473,5,433.0155676593528
5.226470251724404,1.4687998784063148,4,233.1947333450179
1.0676420364072894,3.5480856319799896,3,100.84289071705955
5.083998324318073,7.313271625029262,5,410.4985397293291
9.065935068251916,2.926745497782531,2,482.26341768940637
4.031246766606838,7.400302143776452,2,459.37568662426463
6.664627629031001,6.475505126066927,4,452.16373621975475
9.979303658531105,7.998947266437769,3,482.30981903296913
8.614222318257685,5.8846912801515145,2,469.0239929568949
3.5549777315488305,7.472216462560471,2,476.1511073851903
8.387578778265757,5.362661657358854,1,464.11479584576426
5.597543512966782,6.935173593157676,4,453.31868318580644
3.2557145307138153,1.0303799304748686,4,1.8786005256935705
7.293586518248048,2.765761855998594,1,478.63002916514415
6.466975144881459,4.554691826660154,1,482.5699566592707
4.809941237479992,5.703150560157039,4,422.9199540181704
1.2395709887350557,6.035217995399881,4,255.00618188920205
9.356415699964133,7.507445135736983,1,529.9208739416409
3.9114783044271637,2.079772767469507,4,237.63342011921668
4.588490102009592,7.186166625933555,1,462.24939369506745
1.901090921099084,3.500998782871153,4,210.77793726245974
9.433351736510355,7.99882320647143,4,489.55043739452657
7.993740162136205,1.8561847798624778,2,442.0707116401511
8.761076154867247,7.708178088375098,5,454.0090801295658
8.340104427546235,2.0993654058529003,5,358.33549587442906
4.943869864328374,6.124531756666696,3,439.18516091414347
9.684348546498182,2.0001743782281007,3,420.2931508326871
6.5346191716097355,1.5917562791623225,2,422.303850213942
1.0275747881846984,4.104329214614806,1,417.6082140755764
4.249651068904308,4.912602219601787,2,481.49226898901577
8.83942750566743,7.644697058263609,3,474.70231896152904
2.9584179771584083,1.3036025683488146,3,109.12015396952194
4.10882406865608,7.55519152614689,5,409.1522363952163
8.626539889810648,1.166338532666428,3,349.84447723004075
3.430220510434771,6.12817360609519,1,413.899387262879
1.5429146919797434,7.6863227227524815,3,384.2211051797532
1.3957028838810863,7.290386295122224,1,423.3167561804817
4.845677216443768,6.4444870797104015,2,465.9992111815726
1.2746078144224327,5.1545578064435755,3,287.45191281826027
6.098849653629318,6.412618011417642,3,463.2052532855767
5.044849937350875,5.406627976519781,2,451.9992014748393
2.5288630739999567,5.307500152767309,3,421.09238700954455
7.311688182261133,4.874348631597584,1,498.51769437550183
1.5415296384377704,2.523153677786883,2,250.46529657031445
7.58989695966809,4.117112267697029,1,503.7276147866428
7.225766643789926,3.869897522509252,2,449.06277564001056
7.220272055809784,3.891029427331249,1,471.75360490486617
8.221953583383641,5.294713732026374,4,479.07702810309496
1.0815654934936578,2.5822616840781265,3,2.4444762320990083
3.1735067063789204,2.142026205530881,1,414.8234674146697
4.123183941680113,2.924754551777594,4,336.9548344562581
7.163231919085614,1.4095447283041094,2,409.277075241647
9.327554998895863,7.4950957177679545,1,453.48203894383465
8.938225662148156,1.8495476087564748,1,466.80492418633264
5.996315986655899,6.7423488389126085,1,483.17536861086467
1.4936339951544677,2.493237955951361,4,5.426718302900823
2.965118749216775,2.39219221482346,4,206.90384821542216
7.553835245615263,2.3980695259623594,3,423.2422122697784
3.2770216486305324,2.781838300880934,2,405.69214019854775
8.413371965077888,3.436735649510104,5,410.8428804938548
3.2477197984360116,1.5479435386612734,1,423.05328730849146
5.04688565442439,4.125976340958381,4,378.80601333142573
2.8841459464226724,6.008550086607159,5,355.8125981168508
4.418903676617201,5.48034651044586,3,456.7907852137002
3.38723173743546,7.746940703568617,5,402.0314586962862
4.656243087335009,5.263821922626901,3,438.57425010393234
3.2535581243001,6.3365422046780875,5,397.152909004893
2.0840490327360075,1.2627175009893006,4,0.4766084896141841
3.2777634478998845,6.2247952410706695,2,434.5758421690984
3.4960076169038037,2.6963772527295715,2,395.0169946058421
3.702070966854808,3.2217947249971766,5,292.79677069632584
5.742894538778147,3.5256149805523482,1,468.3668032885195
4.9621660880117044,3.3733302076554974,2,428.23746028795637
4.244472105051227,3.8170572075473124,2,448.490253427871
8.051198818452121,1.0209366578074583,4,254.18295353740862
1.5495841829388914,4.964479278051174,2,350.99718347679817
1.6227650592875271,3.5122381560943885,2,314.65344806272043
6.0359424842426055,6.97447800349903,1,420.6888105246812
5.473920991423572,1.85210393233174,4,306.8876529732784
9.537804218426983,5.232124190685945,2,491.58884879161786
1.155944410182106,6.479911580225516,2,385.52581427886895
8.135029033456572,1.1676261979940772,1,447.50055615171755
8.571581690182565,7.924871216023119,3,454.7109001106688
2.1010924515247074,7.110502692690445,4,368.78336230318183
3.94714440048751,6.489819993317795,4,404.33199935969094
6.352891240580142,4.21690735769189,1,494.663520469812
2.8890374249445427,2.1939489177616016,5,87.49509126965663
9.094804556586539,3.0471324257823,5,415.49666775933355
3.4675545452532,4.326270397161675,4,364.52994764838405
9.37473434564184,7.434605346396117,1,498.0882448929952
6.118486089969422,6.007892504538955,5,441.87529660314385
9.134916286073459,7.317327241116609,3,462.40944099785463
1.3118440721002687,5.061474220201235,5,122.70149333482635
8.694145915185434,1.7436591048825534,2,429.8779603946473
2.7881727753191647,1.5317422708743873,3,157.82847328013435
7.627630314357576,7.458859774534097,4,452.98669276608985
7.805425642411691,7.640572330073167,1,489.0759300369227
7.347246999832235,2.8850792343974794,2,454.2773362780298
1.2731198219371263,6.2581263491823345,4,242.04485559243486
5.9129264045365835,5.526696551188045,4,446.67354033761336
3.9458885618221275,2.105006441819577,3,328.9643969767479
5.056264460082211,5.502483199827587,5,408.75571682841155
7.192292336261641,3.4550208216936005,2,472.61605302305213
7.2196603501573104,1.289884253499884,1,455.78243352418474
1.5055996798201394,3.5228606695854685,3,216.02174796200444
8.675413346570952,7.139260954095054,2,497.2897845445436
8.112800904184002,7.900696033579599,1,509.91164907436024
2.5522325527627965,5.184206912735657,5,323.40392586691587
1.2019186977972602,2.430399840677022,5,0.4243194381013975
3.3403926844870844,4.751537221662883,1,463.2883756491051
1.390623008929069,3.768263388755179,4,129.29955261260523
3.979835431694958,1.7839388137414975,3,286.16970625749957
3.984362739519203,5.130456563919418,3,420.6295566854342
1.5662879922589374,2.5277034853689995,2,244.55088046062477
3.1113379605813387,5.6469890387690675,2,444.72861378777054
4.246070782409274,1.1600688491609359,1,393.6689160339388
8.30248460126843,7.215258319930551,1,498.24389530900805
9.588917332101301,6.213602326700625,4,469.01970320437835
1.4869123966352658,6.7544505466373,1,445.0872802332427
1.8221651809602852,3.291896230646249,1,442.07606197646936
7.636838443670561,3.1932616126134397,1,467.8368582479871
1.693127183809021,3.3434376786974216,3,240.17525369166856
5.270265591734508,6.571099808437171,3,455.20362892638684
2.7138368995408415,3.433129798792674,5,224.29489181144567
5.420220752237833,6.280430769172833,5,431.5984010944455
5.387773986070632,2.777201534722022,5,308.64980134139995
7.5304166392883936,7.427137260424894,5,454.57487469836235
7.027079900526373,5.655909755859922,2,514.2358994856614
5.8599643264529,1.1570986910431822,3,268.5366473715962
4.385576139462545,7.038380586946875,1,498.1532777593174
1.4980367633736325,2.4804385732956784,1,387.9381324625932
7.505842360371954,6.129972246913742,1,437.6343938639413
2.85365527117608,1.2875777552693273,2,220.961244850366
7.686208473708481,1.3287877066793734,1,454.7575392310162
8.564810301223229,2.42793296976998,4,393.3664691347034
5.292255149738574,2.2425951340240453,2,408.0129781394315
7.9614064226805965,6.860565835476075,1,464.0173188230035
9.868090959577712,5.815887822803599,5,443.4397461880086
1.5463837677575332,6.265324859310242,4,267.82885024797673
7.261431178347095,4.48566531235395,4,452.2668548828676
4.085765168323689,7.259999855893485,1,503.0567774610565
2.159618850229936,7.7219519846448685,5,327.10535808001663
1.7747318048583551,7.077386522561266,4,307.10832795576385
6.756600014813331,4.189379895989974,5,414.65339827386305
1.1022804084953421,6.474868121048481,3,294.30060632259364
6.172450040349178,2.5166873044995577,5,335.39951318416513
1.644932507608849,1.8822351801156842,1,352.276360047137
5.533283566843248,1.5983132396117101,4,246.64228629316884
2.3444437931325126,5.4911587085957265,4,348.468230618038
8.115330194824397,6.427780988883036,5,452.23671463492997
4.683781922375136,3.880700369243262,5,361.6897208472822
5.962636770444442,6.458108367613056,5,438.7790642837158
2.2136216410703526,7.14398029633463,1,483.49136013074383
7.8349762679795605,4.4061830315939305,1,493.481060765376
3.171904722807418,2.5288524496583764,2,384.0042561728163
2.0773467544432345,5.0303542533067045,5,281.1091958913131
7.892171480747902,6.697427119325184,1,516.0811754963489
8.520617048493746,4.404044070154696,2,469.0901957936441
5.295592928116287,2.4943998477657665,2,422.9481738659302
8.087894526055582,6.273703249087354,3,489.11023255662457
1.1781770429286504,3.330261268144057,5,3.0683818256730118
8.949882755272066,7.044000110748958,1,449.0371456679995
3.0488389252685035,7.156148016700559,2,446.57744242701403
5.6208176975784845,4.444654017754697,2,450.0485139207134
5.248113081126996,4.4516720330252975,3,410.97712137865824
1.1210289614613165,1.9752345323315308,4,0.18824621204165337
7.928645584077115,4.766457010867729,1,486.512736470036
7.72001575169657,2.7192819240513746,4,396.65570815205746
4.380887845146312,5.2039696998638165,4,403.9236148186896
3.9170975378074537,4.995080964474858,3,431.287018397479
1.342493411866393,6.414610980342465,3,324.3452066519097
9.160042463563016,5.741498340658065,4,468.5905814120349
9.757084610629468,2.603890569000007,5,413.517252846568
7.474172813814077,4.476491563179266,3,449.6084118552841
5.841322577851029,7.658716879786931,5,420.3669215139747
7.7219222034385515,1.126575798936064,5,207.55302965973033
2.3028439125944047,4.814232763606405,5,278.0470948444161
2.3859266409726945,2.428326716881821,5,65.11334039857067
4.705641597524638,4.084683137133645,3,436.8523297149416
4.284733943379309,4.0911609277927825,2,433.4378358177446
6.105459571398145,5.437161680481102,2,463.9751192829747
1.891246152463456,5.054424564828324,2,392.4204170301452
5.576917908995991,4.982246862172536,3,453.6399819287889
6.690098151445046,5.889204517301147,4,444.37613251376877
7.52928070585377,2.023738959872563,4,367.59703822466867
1.3376436536151122,1.6707091750455527,5,0.10274959053902258
4.178319355362774,1.8412556127255084,3,312.25253843299186
5.155152656697108,3.5371492549259616,2,431.9230886933993
5.394831606654488,2.562677257465028,5,317.450171403074
8.02747802076142,2.8411527396253002,5,397.9808981963195
7.214856293633838,5.8258470929350805,5,439.6745815104195
9.327703351142922,3.553162464710587,3,454.7356746784794
9.79943197183809,2.3071305588643005,4,410.3658322296843
5.945767492537561,5.160536027506505,2,470.4949905557508
1.3508031126173838,3.35349629015404,5,3.7023369498315684
1.4851964183386597,2.7691845635067622,5,1.8820535202703577
6.1489954045228865,1.0428827865311456,2,346.9889899671049
2.3406224470648485,2.4593132917013043,4,143.31743907005406
4.641931157512727,1.165974243470996,5,39.41241163969378
4.197305069121795,5.843644741639794,2,453.7544147124121
5.148579608372698,7.39110147683075,2,455.73851966638114
6.993118157280111,2.091792496488049,1,459.0125345057228
9.373054317765542,6.4153486454017274,3,476.9313626274646
5.629283390511221,4.0319762447721565,3,419.3606748342743
5.030926428638664,2.632179677611806,4,360.91426661684864
2.7156356131548685,4.668846589835496,1,483.44790344843216
8.28052604572259,4.483461317795474,1,504.415058624095
5.5244528140606395,7.455321480587295,2,481.7999399242737
8.834342654624624,6.629109950308081,2,463.64877557674686
5.439760523562093,5.583754935577955,3,465.7286662339125
6.1572864043334175,7.421113568097464,1,463.26569544237145
9.004316786480473,2.2396795806664334,3,416.8180778278772
4.701730822736524,2.1121525084435215,4,286.5538829399715
5.469235396486004,7.374679244157545,2,441.6984857667678
6.822368421313874,3.302582196301082,5,379.61758724138673
4.686216592944649,2.7775934159016735,5,299.1881010912382
8.557077822428703,6.2878638312895525,3,444.4107104098491
7.8345595020816745,6.956754935062007,5,455.6637425842027
6.149228079092472,6.3347246968003565,5,434.2150631134675
4.973625301682412,2.3638382762748322,1,481.6015144201027
4.477073313401917,6.5219680726599245,5,395.9608100639719
3.1404942269372604,7.584239800147527,5,412.82216759373074
6.050921858380557,4.63073888354463,4,436.35956422371737
3.655371436759763,6.482830550375652,1,466.11575539969306
1.301534915496345,7.126342357243021,1,437.3364057058486
6.286855481707441,2.5027724898928003,3,408.16317846788826
8.242927084602101,6.798514195043751,1,490.590735838745
7.538084269894951,2.2021234487313075,4,378.78868874903947
1.893192343235485,5.692438459429358,2,358.5786390643141
3.7488612576609492,5.767916085539909,4,391.95647368755283
8.873704586245477,1.9115264841401447,1,483.94699761228685
4.521825784140082,6.231576760280072,5,403.1734883219317
3.2773815110102293,2.4220548679175167,3,304.78045065012236
6.909292415116345,6.479910741746658,2,488.8640035816971
2.752760630329916,6.916835894989378,1,471.90233148773956
6.802619763668116,2.462187276617307,4,373.5926871271642
6.702748320379349,7.6059559636813665,4,449.32677101594396
1.2105598049995527,6.548898463284505,3,318.7500736705689
8.037670265935574,7.3400121048905484,4,453.1250525738377
4.477341997093498,5.527702371212277,3,437.7656394644186
1.678771440013213,4.365314142396535,2,351.935903612673
5.000960207573551,5.350582005183933,1,465.37031527459527
3.5680901431487473,2.3137571149242646,3,342.02226478421886
5.781398967508329,1.3992790926343595,5,184.25113249963653
4.614363113990458,7.851896803878531,3,475.64211176247926
3.3985263280642575,4.526461054574098,2,427.74312402787575
6.839253382519159,3.3887008857576575,2,448.60744872986817
9.248209115799833,4.517442545981754,3,481.62961395193196
3.722160737104465,6.634393164269598,2,424.14492299346824
5.006636065029149,2.084761022801183,5,259.68713334163016
1.6389550549714476,1.7872134969201936,5,0.29931494749060067
5.756437254973249,5.845421503927913,5,432.2286954373962
3.924891632407651,6.794719770794885,2,448.560106620494
2.9414278554970545,4.719072369349582,3,385.7748174474909
6.41065556931774,5.23505671793509,5,432.3425780235526
8.782663974351095,3.369408649129826,5,411.2847231012334
4.90405569573645,7.3743243985610505,4,443.02863122683834
7.9719751387167195,3.3202386922880525,1,474.08181408256706
3.9738692113175578,3.152796576506231,4,336.94990799496173
3.002961514892483,4.4721953309736096,1,427.7051815290716
6.010116079412489,3.5265818675848557,3,436.3964339947175
3.534027130226728,5.331879222569896,3,442.9546556542999
1.2520922986682346,4.311436273787124,4,98.50250344194343
7.875305810123752,5.20070811608226,5,439.6462436667341
9.93120384114423,2.0225134957679467,2,445.06376154200797
1.5600176282374805,5.119536035530701,1,456.02850827131675
5.685361500455686,4.6698011071663,4,415.7236021280677
8.962006598231936,4.346259597618618,2,472.54050898645596
9.925189737901311,4.323866106298359,4,450.5046624716823
2.0155739072871364,6.534077270827833,2,406.88771254074453
6.680725595564171,5.034754991842138,5,411.23764014905214
1.3663340873040362,6.133708962845014,2,358.80147012772727
5.422589039004261,1.8814086236413319,5,265.99257272855385
1.6599374027644003,3.961939894521726,2,339.23861463108904
3.359836686332111,6.021602646125051,5,378.475965574671
1.3146630164449258,7.000893559748518,1,423.1246991431127
5.081631486728572,4.962578409697143,3,419.0502249387638
3.931630394534844,1.2358434050037204,1,382.24859312975667
3.468405904051383,6.219050461632188,3,453.06610749221596
4.331915020647515,7.6455846445953215,5,421.63466993731146
5.083955723579768,1.7089137215973205,2,384.1682084534517
2.7438607154627963,4.980764574277309,4,353.10297030849284
6.84308925288722,2.1545850986880333,4,377.94495773849627
1.0077404102340863,3.7224879729407414,1,357.54785578425907
6.157656706581292,1.8115236051163768,1,453.66814960495236
2.4819090673451876,1.2117501958384826,4,0.457751671012163
3.1110570340031787,1.4600996361766356,1,387.6301197489215
9.648612884834243,3.193203228745294,3,449.09154950643295
1.9766422568393196,6.589684919158031,4,354.88631351125724
6.3008711268094855,6.550431609905978,4,461.7869260993487
6.880098535417882,5.945127486305228,5,443.8787281019956
2.9710831634098094,1.7115384548027777,3,195.75225163242425
2.9393061815279853,1.9106264624631744,1,408.2756701777588
6.184335668687489,7.777773800478509,2,482.2698780004971
6.2040363597287165,6.4613160724526795,2,471.84096802242436
5.648436575437565,3.507657218529959,3,426.4255203661324
7.794221805710544,1.8895152628245748,1,473.65825909838037
3.1373303578705727,7.484729617118266,2,453.0629823498152
4.242742067107044,3.9141789094697867,5,345.02453596200024
5.526636925378069,7.792229961271178,5,430.3404910425594
7.524030182366857,5.874665887309009,3,458.3730035102068
5.246495695949102,4.7598992376375495,3,432.020445526041
8.569038384578704,7.759938374562166,5,453.90203748465694
2.4282774199442825,6.772512257549596,3,402.47703628365366
4.113411430402985,4.42735572605727,5,353.3801448811509
3.2799881877051726,4.990795937566569,3,396.762008880314
3.7766261158445493,4.74000220981647,5,350.7747008529708
2.4275592102910917,7.301317419887518,1,482.1569328375288
3.587563684756637,5.132212999236151,2,442.53337290224897
6.749119244976862,2.9597450241186944,5,384.82631073403496
7.7444958982306815,1.9849746647103284,4,364.6765014848557
5.117495621753732,7.942411756764304,4,458.5710087633222
6.048721312608797,2.4921447702619526,3,403.0095532551707
2.406976942641834,6.275578766154514,1,508.0068697198054
6.445795690055805,2.6600563599830553,1,457.55426888431964
1.2644922355094277,5.4035682987952605,3,286.07065142936494
9.489200286930457,6.419402111540172,3,459.8488941943012
1.3106666757968672,7.703343254908487,2,346.5766959536602
5.619237304519342,4.561568047414008,1,467.66351363921495
1.51100131649536,2.51783701263863,1,329.1021161185617
4.339744546688321,5.640356432928645,1,480.96295150717776
4.222793151323617,5.946321007489271,4,418.2652300597202
3.8916756893259863,2.5928976342525365,2,411.74186063967414
4.8935779120570375,1.142231157281044,1,416.7039533868662
1.1104465595589081,3.9183567505697265,2,258.65701611316297
2.013399456911359,4.246132880930227,5,193.04486366467634
2.516693389715977,7.108436820084141,3,436.7337487502608
8.382177138107405,1.4262145179835661,4,336.21275021912203
7.183648249017987,6.206722564241129,1,491.8292839434156
5.782696472403759,6.80838850185272,1,487.97234283356823
8.766146819043104,4.036071052546871,5,420.16004601842155
4.6627414608351385,6.288301934390572,5,410.5853846294205
6.939818842457344,6.755952108214838,3,450.4308237955112
6.221814054642654,3.6564097099461486,5,385.5038774480005
1.084103148348919,7.294467109298238,2,400.4744520365321
9.545380520776462,3.6958740005994013,3,462.33398599638963
5.108593578758055,7.008168172974276,5,432.60126824250233
9.127547715617386,4.231714426780645,5,439.5647981132172
9.39924443078794,6.38036502032947,1,540.2163325246327
5.171600139109186,5.202821291267434,3,464.70831215086895
6.556721945284932,3.7420541924609303,1,478.800517474203
8.997932385731643,1.885729128075675,5,353.0771515812876
2.808891734811543,1.755031194730245,1,380.85858110863825
9.541049587913985,6.814811400732629,5,459.6270831575588
9.41194183951704,1.8946714126833346,2,448.6463518902418
7.057736993411751,6.080238555508787,1,491.87274686702574
8.474417915040119,2.0393486321742555,5,351.9306753363631
1.421386268762206,2.230787661281359,4,1.5798666027567714
7.061393246944228,6.111383893272354,4,436.84908362268266
6.675684869942093,2.067344888641602,5,315.52081254612466
6.494564325302015,5.652904175222467,2,479.8916751277369
2.5666969586780946,2.266780035851028,5,84.05718094817753
7.846051424028484,2.9104377838939857,4,425.8055257193623
5.212355111942266,5.645890020952944,2,478.07246549251596
1.9118343502091282,3.4931245566756575,1,405.25407175520684
1.3571943562568611,2.797976592544955,5,0.7208438771178589
1.1372218864501358,7.603615321785963,3,333.86780829675183
4.843084756136595,1.480648734166727,4,199.75540948570364
8.742136494169241,7.15088860500165,2,494.68269128949936
1.9769857566880458,2.291642073114109,3,168.2468350364125
1.2596743287608034,4.624626648216815,1,413.7025134089425
5.952916821005016,5.727533670477428,4,433.94661118915786
8.604519162367799,3.892756663552614,1,474.4360407377256
1.9370267186401877,3.5462647515245953,1,369.5366868085117
9.596188080161662,7.552625369319731,4,476.9805177018782
2.3127646891221927,7.280661882376463,2,469.0223379306702
5.7483374482115295,6.183621308004939,4,413.38055687205934
5.096837079782166,2.1153379429732855,4,320.87908446153887
3.851320846032153,3.4985857440088193,4,353.18142022027513
1.4402421828214549,5.258117859298094,4,229.48666313914475
3.9360972245862116,7.965324127664687,2,484.3235350575469
3.5977291547502586,4.452805866913724,5,325.39605082106596
7.635249706509788,7.569253125361499,5,467.01651120512724
9.532076460075093,6.735731431480321,4,477.0919211941054
9.450130137623574,4.019896400885128,3,462.09456797136556
1.3739905275531472,7.3462803579316756,3,340.2396040605808
7.7663862275843885,5.53757756462581,1,529.626801787054
5.6172498135896465,7.438188577341384,4,433.2399740853591
9.168605822957074,7.73216037894519,1,501.62794399842005
6.207542057684084,2.910881298890015,2,459.11425405158826
3.555522224168163,1.5651468474514247,3,233.52771693464905
2.75163150804929,6.7812221440886615,1,466.77669557558966
8.91033051842805,4.1563325976993095,2,477.4354399043379
7.269920009581201,4.680597004008205,4,431.8282711640841
2.8154707134530166,3.066409471907414,1,465.5129520128547
5.189146801348897,2.5965553925482148,5,325.59569290177546
6.256924039257843,3.1156820018621527,1,448.5829027108922
5.9157285650509355,4.396629584957215,3,427.41829415078973
9.487359430288215,5.370131001382218,4,449.2001963422037
1.5186068899529732,6.030332162713458,5,230.77637675948006
8.95997828555841,5.58660072240669,4,454.3858188008987
8.902309631512313,1.9903596882767551,4,376.6968923471882
4.45580806890601,1.7266382025005567,4,240.351824362518
3.4049435968763087,6.820276914306634,2,439.72803852201775
6.725853812200478,7.295377645217489,5,452.828194858719
6.406240544071783,6.2125469975649175,1,472.80103101502743
5.309256894323823,4.456351372813448,1,520.0479298683084
7.198027253918585,2.728636723099169,1,488.30856273491565
3.5245865130574705,6.929834053984153,2,445.85630022147365
1.7382386747452743,7.117842077019464,5,292.1012441386068
1.8727520190176623,4.394393157525947,2,372.5268796231875
6.394666440539285,1.0315905132895842,3,281.0038205968789
6.7347733549683415,2.3383155669653855,3,407.8971002044733
4.392481673021275,1.7643685058117429,3,307.2020219894241
2.776895319282132,3.1446231890989917,4,247.84056495403223
4.201494408484003,3.7366821768590492,3,411.9645184410521
2.5141037268651476,7.168430050244497,1,501.15242913758624
7.976773559494294,1.0795901246424344,2,401.4696215651965
1.7586732501450881,3.2316668558183332,2,294.66581692819614
3.043568852430747,1.4012023030298209,1,363.2672117318442
7.707810851499192,4.359577060786503,2,453.470101204319
2.6492338815486933,5.050203808215489,3,367.7897823831937
6.39952236340511,1.2707243466355864,1,438.7129342743413
5.357845254373287,1.6117548423626453,3,332.3214053852105
2.3763292346226224,1.0852891807499028,3,2.1959209027181106
3.1847782679958603,4.856229355351093,3,412.30014992923435
6.051622239973762,6.51562474173607,5,447.19836728566867
3.6748802979798314,1.1172897355268057,5,1.1183276564563118
6.294359778615132,5.188989819784373,1,455.5181247341729
3.463786038941088,1.876688032528117,5,137.64031263135908
5.334702464587981,7.719318627541801,4,438.67978619375987
9.458867281555449,4.247425224049792,5,444.95788567307085
7.36660783056976,6.048838154544611,5,440.1706646172107
4.505964233392688,5.860441753161435,2,443.8884343907591
4.272886037863579,7.579897309150892,2,431.8466490398764
4.696130724940911,4.949423814675214,1,469.2139004871592
1.4116084454878117,7.587966206717839,2,396.4121707110168
1.5525663415809632,6.27848180068975,1,442.62785755651566
1.7889923475139142,1.8384209906104716,2,208.09848532184992
8.706479602961913,2.001953934420963,2,426.8502512600484
9.94119922936906,6.450765063700588,3,468.3578143363143
4.195650141673152,2.454149293679928,4,315.25616653440665
9.718776515269479,3.522013122748947,1,526.5897478354223
9.739514792773672,5.182362361338766,4,454.7963085559669
2.1242427968464517,2.262614471971629,4,61.84254945910767
1.443822250159095,1.461756579744545,3,0.6208634011899307
5.018021761405588,3.2420953646755097,1,455.8050693380099
4.053535507083858,2.876336348774485,5,265.9447867909558
3.01040259652247,7.520122849807244,1,522.0484257482187
2.793826342248366,4.089629554640961,2,411.64750955094934
8.73893466718941,3.9740428075562515,4,447.45274806199706
1.035236395401875,4.425761371679474,4,103.05077495312365
5.648317913792726,1.934208146806408,1,469.8902569048537
2.442981210953495,3.8199828276103878,4,278.2340561129337
3.149026062255258,4.946916780716404,3,395.3658588847077
2.6756992421741588,4.583904098470074,1,457.12820689318085
3.4701896084568657,1.1392913820731658,5,0.38910774396901526
4.5675815987591335,7.399790187978921,5,403.63298224408305
9.471611535150265,7.71996055610426,3,483.7172318266845
3.408269292100195,5.291542928614366,5,337.54119871809075
1.0452159782491701,5.705608503627371,2,332.22641847666534
3.8018333651076404,4.35920958231921,2,425.73546798081304
3.652281013982326,4.702342379738715,2,418.24978979841666
3.5439934961415975,4.740335386987668,5,362.1996802251494
5.1426983317933335,4.583329326317346,4,399.11226135485197
4.460296020150009,3.0544199699535404,3,372.446966479726
5.360794819344495,6.543285957337071,3,435.067961618528
9.960754904074607,6.914658422053172,1,495.47008356255867
4.911222584468106,5.206388928276318,4,419.1209369619066
4.045912053543585,7.852374926013409,1,454.7572519530893
9.35027495839847,6.090293028539868,5,463.3406832813344
2.3573961604887126,1.399470910668132,1,333.84525856971925
8.881261394399736,3.6282303392762634,1,498.8686863640607
8.490311343173063,1.9255446055253267,4,374.442074263175
8.451647039062882,4.334302768375664,5,429.66331366693976
2.1903332017953843,5.242867126424305,2,413.5008472504971
2.809793914349769,4.78388350643545,2,435.1390670315285
1.1104549339291974,7.152066730358826,3,301.30091351896283
9.952726061558,2.3302735254601714,3,440.81166164963787
7.962932542805753,5.4527816527119395,3,448.96162544577544
9.483185654142954,5.270641876290436,5,460.5409470012406
7.692103381965176,3.9907393293922016,2,474.95371009204644
7.391868173433736,6.203763115425179,5,440.1632294696989
2.4578736527762777,2.457631895271735,2,338.16283644205254
7.188857816360386,5.3989051277837525,3,461.6024486528645
9.9302837290921,5.7173936651079815,3,467.91093667898133
2.232449393474027,6.412293135710938,5,311.1654157020405
5.012243296001379,4.496041372281575,2,458.5901808754139
6.846309637717127,7.090625353608791,3,449.33731946020555
2.1679630228331135,1.2489639587373542,1,307.2802257834983
1.156368270826437,6.018615424972707,2,341.5415465714979
3.8470507136456993,1.2565279941165866,4,87.12796865404864
5.799006402081791,1.8624520245063092,2,392.45623270421146
6.86106528190599,7.034682699883742,2,487.42364516616817
5.202120684117283,3.130496553988323,5,357.5558487881117
7.811719211766517,5.28525931884064,5,442.1304967441907
4.295439524079823,3.2179572379331858,5,306.4170590920823
5.206184144366167,1.8254709908976818,3,357.1173469690057
9.290967541137876,2.047491644479374,1,464.9656467727453
9.586387646302981,1.7618719159060876,3,403.86304210173586
7.896253543434637,1.6738870159881838,3,374.7155638203602
9.073197512070163,1.1638813878122614,1,462.3249219475159
6.762616073828292,1.231199513459567,1,434.09196181450386
8.818176302979914,1.2719815055697101,5,282.63268420036485
8.880425455602936,4.358195050006712,2,486.0860115615432
3.0361088806830874,7.460215113336084,4,399.69119039819884
9.864610716773694,5.391190841034754,5,462.4182404606056
9.16885781514183,7.6998843114802105,5,453.9358863306281
3.3472609326478384,5.644983280923798,4,402.2539188959324
1.45718439402411,2.892055311227198,5,1.4140278240528938
1.0668524971804798,7.1956265018090555,3,301.1586884828766
9.651274666220552,1.7828785862916254,4,397.2722244789638
6.253741128626567,1.2121252012668764,5,185.37136426472034
2.1546622546236565,3.303397465616374,4,212.00203404166535
8.231808766159933,6.278246437680695,5,456.9688859941778
7.046664634574949,5.598665615216592,5,452.0179703198442
7.249533071737291,3.9404911406002348,5,411.07635722857947
4.625055420401442,1.5455711417402018,3,286.6384390240109
4.894344150152586,2.616070231554737,1,462.9860327293178
1.6456636512275225,7.830241188648389,1,459.72110663666945
9.672831503761225,2.7462065859244316,5,409.509853935578
4.730968669025204,2.1009554160763813,4,285.40316067406593
4.214139917555256,7.661604479411624,2,435.11038239431974
4.882595259432984,6.449975295215241,2,457.7563817842541
4.08327688761078,2.169378400506204,3,327.53496850825127
5.038428121249033,4.130293058968567,2,427.4237377966549
7.405604860656957,6.685468860193882,2,482.38685439055587
6.047480040440929,2.018517284683709,2,432.3624102989962
9.178643662517459,1.0434178607756086,3,349.66211182404237
2.6765439478657767,5.115011244794234,3,401.5017501638667
7.542339270226742,6.288517017334877,5,445.37641928689084
1.406696523743356,6.745015110173127,1,463.1970865818389
8.142524010621944,7.461254365214041,2,485.6657960110042
9.536296109643576,4.793123852828503,3,468.03773865887837
2.4476489944121793,2.2088084142294377,2,322.14184161999117
1.306661427379678,5.588526007114513,5,153.77714582422684
3.170298026061144,7.268458664977945,1,489.9010741486705
8.869996346686932,7.9790968194549885,2,502.77681624531596
5.401616771615808,5.180991697185959,5,400.558261924
3.8765028459814603,5.8618001962918695,4,412.5967904188522
8.379910683669266,6.185004185252325,5,444.05258737803183
4.8187865574188375,7.438352652791818,2,449.4696611780843
5.5590854376026675,4.919925451678358,1,487.52328412198796
3.9125637467944117,1.6153290757520913,3,260.499824537912
3.7073537748006027,6.746829248756048,3,452.9216725371348
2.4728001279330094,5.268467418457921,2,435.81719620783724
1.9032584611588645,5.506235032912989,1,438.2511813868764
6.038340359144748,3.3627378209768852,4,402.74270275525197
1.0919505180413958,4.496154925065156,4,133.1197335680719
9.712813810196803,4.286905139494019,1,484.1092456483769
6.791807852998179,4.982598616882024,4,440.00180800221926
7.474503665536981,4.230480162858194,4,435.5233530282932
9.185959456364273,6.46578654407431,1,491.2030001061946
5.782943207061719,4.801409412736808,1,442.25210279987726
6.011232014862117,2.12908568870433,3,379.47113027503053
8.323957119985948,4.467859721448614,5,419.9634447762421
9.4546738921177,7.747312224279071,1,492.4443363189041
9.857839275317088,1.7093663178821261,4,379.62770224652854
9.873819639062418,1.3953313660278894,4,361.41073293280596
1.4109880100760699,6.104295409591892,1,442.2401086581971
7.438139320299566,3.490104099293134,3,440.61476608831896
8.605350501069726,2.5389599414619783,5,375.0144195371437
6.407226581458724,2.8062844001203104,2,442.290794462928
4.2212585599871915,1.1193489153291276,2,281.1801230578837
2.4221633601256123,3.1876255865671688,5,185.105765645443
4.818845949622517,7.616285275054339,5,439.9639745793363
8.881746682295496,4.966385863675599,1,480.8349383998326
9.841498322792846,1.792874115994627,2,447.31907201049364
3.7121473389727435,7.646272246001904,3,426.77333595223007
5.836137841298664,3.4065758168121323,5,370.1459539580886
6.241264091235655,4.170317599043088,5,397.04490094104875
3.2877875359891733,5.916364516697065,4,398.44102497042974
8.617651993456327,2.3489054233244135,3,405.71581636539776
4.432111243051064,6.7835352927670325,3,428.3535830338344
9.916118553235295,5.926918052995321,2,504.03124813557537
2.669843495336829,5.731161006892756,5,352.5525857338289
2.8877596883278507,6.752308355086319,1,484.2294917615087
3.201330838452935,2.9427780672545483,5,241.045995507604
8.225427613593364,3.642809211696161,4,416.5569386017084
6.73153253032597,6.0271296745200065,5,420.0633402096425
8.713083695143727,4.390779832696808,1,477.80252073980586
5.481685748252984,4.254666422009619,5,403.6671291528356
1.370850370674066,6.595441909847335,4,282.82412117166837
5.490365418429232,5.5386243842683145,1,455.9257714979617
8.240094380265834,5.928745719433627,2,461.5733520450069
7.293627650099336,7.942115928578949,1,455.305730239118
5.842587528159488,2.078553585426879,1,446.7706407509571
7.621433528912794,1.0050861503607689,4,234.59853306483708
7.443557681576164,1.380429256438376,2,408.73120980417985
6.116722081665809,4.924497535979669,1,501.3730807237984
3.9440829722350768,6.964545608882727,5,391.7366493629327
9.169964031268202,6.314243964013737,2,512.6687100393281
9.11848188784337,3.2156707028848395,4,438.1092271498804
5.81554751796779,3.628342152254331,4,408.2714410812848
6.804541751349035,4.82336180728315,5,412.453530062573
4.335552718358146,7.059023723036232,1,495.9889884565746
5.829301867453658,3.8507042714660042,1,491.2595410537075
9.07693706113022,4.674399819829613,4,444.63206698296386
8.442718909666842,6.33002425053583,5,442.2064233232061
9.200073646882602,7.700234809108048,4,473.6688253541284
8.93839060959516,5.270505368384858,2,473.9798070517889
3.7358849134686225,1.6517264017144444,5,101.54246080165787
2.004342937862719,2.7516651756966466,2,332.8839887309205
7.864718796313021,1.778692352815796,5,316.2252141733197
3.535182244054395,3.5770906210185176,1,457.75232697724346
1.0980405978719987,3.749596654923772,1,396.11627429889654
2.1430658891143706,7.580957102688909,1,467.5424101843985
3.235777677587685,3.17514624438322,1,471.04554751090615
2.0298918088309503,5.416968098455258,3,367.97899395620937
4.050949705344511,7.144044713281213,4,419.8838211202222
4.089527319065255,4.713066136268704,5,400.9818402956623
1.8449642177695784,3.521908780660275,5,144.7067641508515
8.81657957573011,4.895281881760765,3,458.9272191222553
8.721089041626069,2.102823074248684,1,463.52943758957935
8.087376144097037,4.518240286630833,2,464.6990687132706
2.658152022798799,2.9566962652667015,2,372.99637693157865
9.707448325815418,2.230565682367837,1,473.4522940953636
9.333754018896506,3.7222371706403132,3,469.1293038403665
7.670502765294126,2.6184181423844013,4,399.8141088687958
9.185468995856247,1.2046196214992322,1,455.77969514241687
6.589969641334186,2.966742109431861,2,427.9806979819609
9.467779705640044,1.084591590733135,4,314.2423679532415
8.002775560998403,5.525189225246948,4,442.95109204436415
8.935486622286536,4.630490828777923,2,470.77848332585296
1.96066254243752,4.834659494775603,4,289.36693658902516
8.401865069358827,6.9554150526301886,3,491.7848840805414
4.88459411593456,3.782723622013343,3,410.72419261367435
9.860628116836093,4.086688359503374,5,439.57979033843156
4.729614821305291,1.0091581163680272,3,183.48597685428837
4.58803270793459,7.425436854716751,2,475.7864559767825
2.9303136469096165,6.312399444215877,1,455.8154360623046
5.370652189209163,7.0628572654828625,3,460.61969596423114
8.63194777142766,2.8435750229057106,2,451.75921951110877
6.323320560197224,1.1024069276497057,5,154.94999855324906
5.628774663143933,4.396866736699179,4,414.42080107753526
4.903864583023906,4.194258437481922,4,410.94258936714004
4.159383133808345,7.150137099850783,4,442.0730383586761
5.847288619368208,2.0402928817414887,5,290.30878588167997
1.9110029005193736,7.959773829177633,3,399.15517191440097
2.570499779035364,5.98915065889455,2,427.05365742368446
9.5802234809961,7.00791070626902,4,459.08400278270517
2.7863671415378173,1.5725313695245575,2,282.44679288146983
3.8033797436053804,5.039603550310013,3,421.51896408610884
8.967591491033218,1.5153180944051567,1,468.03299272100213
4.912399843190697,3.829056985020899,4,383.8475605637952
2.139104377776402,5.868978012389187,4,350.35790187160944
1.4394465057589927,4.326682838020089,5,73.10672840468037
6.430945397061319,2.6025373081073306,1,455.0825635120889
4.474716002302697,4.406543608089514,1,454.25067352121715
2.2354827245222983,2.5040392630340564,1,382.4139500924281
2.657156777768915,1.3970522206451388,5,0.40885264639277763
5.945363381633845,7.431544681249882,1,467.11736242217347
8.302291515401159,1.7259403546779999,1,457.1054138670148
6.1634292401764235,2.2701560157014353,3,410.31274714849485
5.500270657124901,2.2969935666064614,5,291.8940705049222
7.945534906287887,6.72285569731672,2,453.31617148305753
8.495367172216067,4.526946774520364,5,452.3084572636802
8.84119536621316,4.94890198891734,5,450.7004379691355
9.792650092049929,4.296370910483035,3,452.42559627465425
2.4454132090291103,3.4133704842708057,5,206.49682930647126
5.566407166957928,7.528647719143465,1,530.2523992687642
9.94361820888012,7.934580385870106,5,458.3015052776927
3.424371591228722,6.805339598558026,3,436.1988690922054
1.7761168005303534,2.816072673761091,1,416.63842132672977
2.1166528724130718,4.350680210938787,3,328.44000940777545
9.469877919414154,5.921155338757577,3,465.95816812570274
9.867953531939758,6.2750606349832365,1,473.30707859287463
3.4370125204557693,7.5755259361989165,4,419.0360448558629
7.555616184492625,2.2029959550396807,3,419.79150610513346
4.613552337401398,6.10997812764719,2,469.31457392895044
8.698701587219379,7.547777771696327,2,471.04080635193543
7.073475256753751,3.2318773993554135,4,420.7975612857027
3.9268691254681487,4.966699864378633,5,354.7337650429245
8.432292776747019,7.026725194535874,3,485.0427379735731
4.311600037371132,7.805211150047809,5,416.8292115940871
9.296378253026337,5.604733468168573,5,431.5025962791153
5.991910538045333,1.9176015101131596,5,280.54519598016503
4.316495932155064,5.32200731026369,4,425.7478106386161
3.3522242722057904,7.548288384400007,4,420.4603864911454
2.701980304857765,6.748925393108459,4,378.2316515521383
1.7199344618667662,3.8605177014548575,1,415.63460029010605
6.319223763004925,4.232242282918664,2,453.22644779185157
1.4035096501328603,1.0080730846968877,3,0.1011487585007424
7.669267967117178,5.583309768579211,2,453.7133376152507
5.645277030133566,4.216069787996607,2,447.634038195125
4.66382763001724,5.199014014532745,5,394.71839537486096
9.634047081436576,5.3598640505433295,3,492.3142541455194
9.758422864427533,1.9400272139900459,3,419.11310761530746
9.226391661216173,5.895538511679036,2,478.65497265240504
5.034114095898131,5.712526798556578,2,444.0510130087075
9.994208142665794,4.465552215746113,4,462.21556107633944
5.405376452724587,4.067852569378948,5,395.795611993918
2.9355992028024755,6.609216841492702,4,397.145127244961
6.102284449896969,4.983053827958839,3,483.4422314369759
5.836437096294355,4.25515808222857,5,396.0040540797894
5.713378856245583,3.3873413105469603,5,354.6671056256341
2.9088102417946633,6.376676906734841,1,468.94524479141984
1.1302786600188781,3.7822121454803366,1,380.2763568347979
2.291099557271535,3.0866339694098746,5,175.6183088932267
2.529160790016334,3.808979396032935,5,228.5929642498399
4.9475749209723565,1.3928605407543269,2,362.59381085991475
5.006820349787958,3.006827267986476,1,488.88317653167843
9.833119926297988,4.067014135649891,2,473.3963827879611
5.85604798645681,4.907988655030318,3,413.07509965337124
8.52437034690745,7.045097860733915,3,474.63354741336343
6.540404689514556,6.856418798605889,5,448.1733988514858
2.221848760595811,2.8897229128584794,5,93.37233189503193
3.898758174717645,1.033731123407624,2,260.06329246883774
5.909317032463606,2.6490343659677844,2,428.1616070104718
2.2819688972154113,2.268161810099471,5,23.651351523157263
4.05752164873685,3.279131944639275,4,339.9120172446112
6.658900951123009,7.270441756354015,4,465.3355228310406
9.699343899137368,1.3634387394966692,2,435.19521006193406
3.2207187292824218,6.494193267598986,5,370.81261544540644
5.427847652673283,2.553393678895831,1,485.7932714206318
5.635331398661255,7.398591920394704,3,480.8147236949021
3.922240051188533,2.9144569366675475,5,268.6239894943661
8.117816754611937,4.0651333099311575,5,417.4066638319753
5.978020996410991,5.645041486722007,2,464.4687989443141
9.67050621853921,3.485346611436827,4,442.545683664329
3.9991287619393896,3.856082698222994,2,423.1814137258798
7.0708609702787255,1.4515892919518074,3,345.2791249232128
2.3165039542872314,3.9405751670624753,4,285.3836475890657
5.967195598427299,1.6242492538542352,4,286.9584499098036
5.472783594900493,6.860306637151924,3,451.01208607969636
4.313601675901637,5.821698382076454,4,422.13499493366834
6.4947225613716375,3.2474408784014575,3,425.73780332508807
7.2073222971495765,2.560537545177248,4,413.3062448655372
9.197733680656652,6.679771358613172,5,451.6332604864085
8.992789235999622,1.768193577374519,3,414.93922069207247
9.965292375723267,5.694457950342088,5,456.83097070313477
2.113570406972344,5.649993880474903,4,341.6822335685876
3.912042860475383,1.1703379076374751,3,152.43255043926277
3.7945842678157704,7.784164283143305,1,469.6809722869093
5.316298697388207,7.029558557789444,3,452.53374294770543
6.915830690552719,6.700118563687322,5,435.51982476856153
2.976705592512766,2.920705372420673,4,271.5371028829933
2.5596291356173633,3.891312634113196,1,429.7457493212845
6.618821808727727,1.0314168563147645,4,192.50020713805156
4.850833017785762,3.04996810441468,5,336.3619396161788
8.237395394705914,4.2545155931113445,3,442.12026520573124
5.158631304691779,2.289265584754056,5,303.96004772588674
6.462986907017383,3.3650343643200684,1,470.37920534375536
9.965158202396559,6.883637878511038,4,477.2553824334905
5.707326636793638,2.698962609386402,1,435.12975536827395
4.735223873688968,3.5935930630559874,2,445.15728574191695
7.581701914638046,3.3178849390367633,1,473.5019334650735
8.027477107215176,3.8742604491318486,2,474.0627310348483
2.6599008146936134,4.705199492547489,2,431.92322133777293
9.147339379575351,2.753685341243983,1,463.2525694006752
1.982057748251575,6.742947494640245,5,285.2767713123209
9.342481999864125,6.571660576493956,2,475.53426635327736
5.045380526352307,4.67355890110105,5,390.8028702891128
8.305288798128148,4.130800774602425,1,481.70437247944835
1.0098321436227349,3.9748539834443823,5,2.634452185114768
2.071074001992508,3.43366404893502,2,351.6715268801196
9.5507209955333,7.732175046109741,2,487.3418862927482
4.474096316636698,2.4359464432607703,1,458.9991391155655
3.0783222501513396,3.745289554372868,1,460.7732614115448
5.205168071692291,6.82288593688149,4,411.75789591791295
6.5872738772824215,4.952523270336609,4,442.1758188772441
7.666375678818338,5.040927439927239,5,445.02837803969976
4.129763373788001,5.731130009449893,4,415.2652641984972
2.7595427838789717,2.611322218915269,3,280.2663961476817
2.7017928856600477,6.541871695210725,3,409.87638251792976
1.9864079337398624,6.824308072823119,4,345.49394566131156
2.8231404501040114,5.196523740918503,3,375.1691792981926
9.526775867946569,4.958144752648637,5,445.91310186606444
1.1929986499291112,2.8536096792026076,2,220.06597431218168
9.138158905393949,3.599818756479787,4,441.4068499953492
7.87282864358334,2.7528083720900645,4,406.22454430566387
4.501559410159887,4.979118657131423,2,456.766324182776
8.819438969297698,1.8955637581128095,4,386.178558030927
6.6984075083578585,3.169142948514231,2,441.181593549811
6.087240306169739,2.911847841552443,4,376.9269525800466
4.687085125642081,6.145447115957427,3,440.9934703190757
8.88579891310371,6.002474959375056,2,486.7252599382571
1.9321190997679505,1.0987758576450068,3,0.9915854609774387
7.197015299588897,3.6108518927271875,4,427.69469780625394
6.7441375269973385,1.0199431781363817,1,426.53689195364234
3.0594551710104354,5.536854830590607,5,356.99459818253064
6.841184581401353,5.005867895799768,1,494.76226622354324
5.3928866357932606,6.9314972257097835,1,460.3865304645155
2.6302579620321653,7.3739921038732055,3,423.3354891033162
3.7836087860743857,3.8993816019015206,2,424.20246558208066
4.158901882068241,2.773701397297999,3,375.0566738056463
5.628839335243562,1.4658846157386631,2,361.53533840765874
3.034106932483495,7.633337958803138,2,441.70141411491596
2.0747094514760143,6.833241190686962,2,438.2510789568736
5.206662342798123,2.540948735845988,3,385.32598126478337
8.57843808940132,2.0976726615988914,3,414.61207175737167
2.796897989565967,2.9843832068032516,5,207.91854489560237
2.5888775656979064,1.6882419776671984,5,1.6957987960938523
1.6631510499348399,5.7541527802692105,2,397.27181004687475
7.706969769520983,2.449606448717995,5,360.5097246600076
5.5633434873465974,2.0187291809394914,5,288.9471751815407
2.5668992494883893,3.7148205847467266,3,314.487673905091
3.04605084997279,6.222492995529478,2,457.6948704493556
1.4811218846610776,3.894152516018732,1,464.6048282949271
4.855877890686046,5.970045967580318,2,445.77984278275284
6.8197684888803645,2.7061845569129375,4,382.1086263774726
2.8194966902157645,1.2681039317493292,4,1.8147054357708168
8.709353285464516,6.319143965326266,1,499.93339202598816
4.941660060023071,1.664331029372013,5,195.62725714638987
9.125734481222151,4.462659481972905,4,459.3219634846197
4.31016973177839,2.2374502218654193,5,228.57962605539157
2.2812252679875633,7.640115864125829,1,462.5196340894717
8.743800764631947,2.9531770852465424,3,453.8642831597763
1.4824191100862754,2.382263159592352,2,211.81716743980556
1.20582324971957,4.570192264711343,1,425.80644726018863
5.551818213828691,4.773337722260443,2,482.84333955254954
3.2224992180728247,6.6378850491432475,4,373.35943486899976
3.0833913159279263,5.802365811869262,1,467.99542586333786
1.3863314549245478,1.316030755256881,1,217.02536734907466
7.6615856610856055,5.51766428108911,5,430.21485000097374
4.8599303551572515,3.5587356297648056,1,460.8092188746021
3.1148736598507636,7.999305470360775,1,432.1130949104854
3.7840372110048746,7.361547899140792,4,447.7973796471311
3.2788428374306355,7.580181182706655,2,449.67735225731104
7.0241592514964,5.128591500319837,3,460.70246945138433
1.6787833000600205,5.637774764693796,2,399.6250778759466
2.9606887314944266,1.3659335714400287,2,271.8088314598234
4.137867022305684,1.089204730962241,1,387.4197012437741
4.918503677884528,6.222646964178781,2,442.7386827893243
4.138990395906458,3.6093918203495603,1,450.8165053580745
3.2712846354172935,6.924868580104607,2,455.3732331252036
2.0058014457353868,3.6918226120020936,3,276.24525447632686
7.726036172952571,3.1386303137009373,3,431.17907564839857
6.6134314973689925,1.8805668867056173,4,333.42007129272724
1.934750320931422,3.65624321763702,3,249.59883013489798
7.288809068151225,1.7685900479547119,2,426.38114292351963
5.802336801085969,7.02984691735869,3,465.7442842196421
2.9746292996200765,3.7231020499031455,1,461.0020284922219
1.5275137911081011,5.028659864329413,2,359.8049035187726
5.082386481826576,2.822672080960845,3,399.9378863365488
1.2604733729204556,5.5286729743087,3,294.9884592133655
8.16132608633251,2.3233102300006636,5,359.39180451811217
4.597508508580102,6.706054793532162,5,400.2746774813907
3.8429657339765613,3.833522385934009,4,365.7777323208991
6.516386597153079,1.7506625627596144,2,429.59792889988677
9.169641069180686,7.015371987406337,1,504.4031130073659
6.669802668770528,1.644488028687836,4,313.62619921741845
3.8799952382971905,7.830142456162138,5,406.29854091721614
8.693204709134092,2.7721520155366335,2,449.0782643667772
4.506079079123363,6.38403728587234,2,449.22772836258775
5.422952587719182,5.2459653039339464,1,466.34630908594215
4.026336356371981,3.4792143050768995,4,346.64213061196926
5.779798922049028,1.553279380228803,5,215.26796147293229
9.216858178214775,1.7678917233978662,4,371.65245776722827
3.2606321700801604,6.264502607155289,3,397.3159152523321
4.615394594088244,5.957626447025163,4,453.57367290472916
